category,title,url
YoutubeSeries-VibesAreHigh,Episode 1,https://www.youtube.com/watch?v=uj47WD9_LOE
YoutubeSeries-VibesAreHigh,Episode 2,https://www.youtube.com/watch?v=Ff3nj3yXfSg&t=1077s
YoutubeSeries-VibesAreHigh,Episode 3,https://www.youtube.com/watch?v=mCWmlHSt-8g
videoProjects,Night At The Museum,https://www.youtube.com/watch?v=ELKK0Qoi2dI&t=25s
videoProjects,Triumph Teaser,https://www.youtube.com/watch?v=V7ha_1Vxkj0
videoProjects,Billy Bolt Homecoming,https://www.youtube.com/watch?v=IPuFtXkOVV0&t=83s
videoProjects,GASGAS Dirt Episode 12,https://www.youtube.com/watch?v=ORETKYLnOX4&t=12s
seasonDocumentaries,Billy Bolt Undefeated 2,https://www.youtube.com/watch?v=Aa9UuSP2JSc
seasonDocumentaries,Billy Bolt Undefeated 1,https://www.youtube.com/watch?v=GzLVD4wnSrE
seasonDocumentaries,Manuel Lettenbichler Perfect Season,https://www.youtube.com/watch?v=KgWVY7kQBb8
raceTeamLaunches,2026 Rally,https://www.youtube.com/watch?v=X-u83I46vig
raceTeamLaunches,Hard Enduro,https://www.youtube.com/watch?v=5NRihhGckps&t=88s
raceTeamLaunches,Super Enduro,https://www.youtube.com/watch?v=6sytXRCRs64
raceTeamLaunches,Hard Enduro BB57,https://www.youtube.com/watch?v=XCbuwXtDo3M&t=5s
raceDocumentaries,Rad XTSP,https://www.youtube.com/watch?v=HP6o4Xkv_AQ&t=12s
raceDocumentaries,6 Days The Movie,https://www.youtube.com/watch?v=QchFb0iQvR8&t=68s
raceDocumentaries,Erzberg The Movie,https://www.youtube.com/watch?v=NAmphmwxaxA&t=792s
raceDocumentaries,Andrea Verona Home Race,https://www.youtube.com/watch?v=PxrzS0I4lFI&t=1s
Youtube-TvStyle,Track Battle KTM,https://www.youtube.com/watch?v=kvKMhvuVMY8&t=1s
Youtube-TvStyle,Stock Vs Race Tommy Searle,https://www.youtube.com/watch?v=WQbyEJcJTTo
